,W1,W2,W3,W4,A,Y
1,0,0.530808793,1.334256527,0.84889241,0,0.002010378
2,0,0.684860904,1.595852988,0.542990621,1,0.001031028
3,1,0.383283394,-1.281060428,-0.393913794,1,0.591290943
4,1,0.954987998,0.060467229,0.344883069,1,0.500392409
5,0,0.118356581,0.08203773,0.051447463,0,0.371959296
6,1,0.039100055,-1.789806279,-1.408362645,1,0.078282481
7,1,0.504505033,0.765185049,0.794496794,1,0.193973711
8,1,0.578482555,-1.480399378,-2.198071206,1,0.001097443
9,1,0.839303908,-0.617663466,-1.780514637,1,0.017694842
10,0,0.654444975,1.016978874,0.903009537,1,0.04265414
11,0,0.94452834,-0.434534616,-0.605854881,0,0.388052367
12,0,0.51165763,0.081706213,-0.497913357,1,0.351153465
13,1,0.084921059,-1.674190725,-1.44566795,0,0.082331035
14,0,0.994770509,-1.309102496,-1.481882417,1,0.097574781
15,1,0.40144412,0.111408231,0.563580114,1,0.417890949
16,0,0.895646297,-0.521503272,0.185755551,0,0.481408746
17,1,0.876858412,-0.39762564,-0.740009737,0,0.619983106
18,1,0.296484798,-1.043357526,-1.522695145,0,0.054919414
19,0,0.13259191,-1.094607821,-1.016087989,0,0.233523346
20,1,0.265910908,1.56795749,2.348566001,1,2.29E-06
21,1,0.005727543,0.16107306,-0.789088332,1,0.427677987
22,0,0.819601821,0.973747083,0.515081668,1,0.05765057
23,1,0.174661679,0.951011907,0.558978054,1,0.31979458
24,0,0.843080552,0.631417628,0.836715521,1,0.243429856
25,0,0.166712167,-0.369163258,0.936239229,1,0.558630453
26,0,0.764019435,-1.077429562,-1.331525156,1,0.221899418
27,0,0.518938087,-0.854107674,-1.087711565,0,0.271566281
28,0,0.272685303,1.189076744,0.256253077,1,0.013634354
29,1,0.343203136,-0.973108317,-1.543559913,1,0.048260194
30,0,0.70507534,0.296845079,0.717898558,0,0.238290642
31,0,0.591535301,-0.309027539,-0.717256322,1,0.509662935
32,1,0.469379038,-0.249920076,-0.516371487,1,0.676801524
33,0,0.336376606,-0.662699747,-0.856067415,1,0.387491966
34,0,0.967837429,-0.204280956,-0.238404359,1,0.392931422
35,1,0.645841884,0.400099501,1.287199231,1,0.016099795
36,1,0.196301169,0.095097547,0.777675646,1,0.184220642
37,1,0.357180385,-0.773651872,0.326498156,1,0.529735319
38,0,0.513018082,1.344598219,0.328890821,0,0.00142738
39,1,0.882996741,1.719412944,1.465973839,1,0.004995564
40,0,0.152667565,-0.291791189,0.27954031,1,0.43832769
41,1,0.230461597,0.535711599,0.369292934,1,0.475493876
42,1,0.162988578,0.180472141,0.354692116,1,0.496135658
43,1,0.614346859,-0.762849699,-1.118184165,0,0.262093679
44,1,0.501636444,-0.379341482,-1.402982549,1,0.104192713
45,1,0.188118888,2.176925734,1.515826481,1,0.003064872
46,1,0.407714853,0.328000318,1.367171353,1,0.007827454
47,0,0.582388047,0.78534955,0.642073239,1,0.128203299
48,0,0.308929065,-0.347727404,0.631590514,1,0.618540308
49,1,0.48096564,0.229311745,0.704351802,1,0.235878446
50,1,0.939394792,-0.046359252,0.338460176,1,0.612853803
51,0,0.046040548,-0.404229507,0.485015723,1,0.610948157
52,1,0.53486173,0.650363596,-0.220602199,1,0.545104643
53,0,0.442660782,-0.804781226,-1.138887175,1,0.357472463
54,0,0.90636547,2.395217039,2.223625896,0,1.25E-07
55,0,0.881042382,1.023837789,0.518766514,1,0.031015915
56,0,0.163241116,-0.171363971,-0.311844186,0,0.428115679
57,0,0.752190766,1.736932878,0.596106409,1,0.000782928
58,1,0.402987202,-0.215173909,-0.99138111,0,0.48615952
59,1,0.556952693,1.478470286,1.813008822,1,0.000433336
60,0,0.080169282,-0.445439532,-0.313153143,1,0.540080127
61,1,0.116568592,-2.589843885,-1.875632937,1,0.00577231
62,0,0.925192561,1.403582256,1.220353407,1,0.003445119
63,0,0.878844241,1.194253698,0.983632523,1,0.017163232
64,0,0.163207627,-0.629371924,-0.860055255,1,0.488201495
65,1,0.531563901,-1.093998818,-1.618911597,1,0.041437679
66,0,0.929792168,-1.83261544,-1.696168819,1,0.00604446
67,0,0.325715994,0.064120476,-0.581578348,1,0.461270801
68,1,0.160794631,-1.899539837,-1.628092216,1,0.033672857
69,0,0.949707918,-0.734663929,-0.831996586,1,0.390579326
70,1,0.462357049,-0.054850997,0.369488256,1,0.409003915
71,0,0.220770887,0.48104785,1.164576231,1,0.324802187
72,1,0.002019233,-0.67462963,-0.902600937,1,0.354595128
73,0,0.619192603,-0.001194225,-0.236560431,1,0.425024048
74,0,0.402505922,0.257942819,0.232459904,1,0.409325449
75,0,0.900032611,1.833573136,1.472847693,1,0.000178048
76,1,0.505881984,-1.360783369,-0.48301192,0,0.590653884
77,1,0.726487081,-1.525538893,-1.560413511,0,0.072714201
78,0,0.027486615,-2.01298855,-1.537112056,1,0.001770399
79,1,0.379413213,0.430868517,0.638113303,0,0.104984801
80,1,0.386744662,-0.445522959,0.329881385,1,0.463996791
81,0,0.337820725,0.799813165,0.685324495,1,0.095046188
82,1,0.364431851,0.597957731,-0.868867702,1,0.409269449
83,0,0.63875597,0.211234689,0.544896574,1,0.420920901
84,0,0.032914327,0.49872054,-0.067427501,1,0.296203693
85,1,0.696192588,-0.113574315,0.158858228,0,0.390714933
86,0,0.815564175,-0.3324349,-0.865857701,0,0.347572311
87,1,0.507422853,1.239633954,1.187889559,1,0.019561936
88,0,0.112592626,-0.238548212,-0.541973744,1,0.593144921
89,0,0.906323301,0.708576893,0.573968829,1,0.182109011
90,0,0.413338953,0.337665293,-0.020975556,1,0.42213801
91,0,0.473755788,1.982841536,1.443989213,1,3.01E-05
92,0,0.71371418,0.630235289,0.737812086,1,0.187612845
93,1,0.241871211,0.008378498,-0.657940405,1,0.659795265
94,1,0.299640628,0.069263023,-0.086861384,1,0.601299204
95,1,0.704478821,-0.03826538,-0.202771695,1,0.642008775
96,1,0.771674948,-1.836017958,-2.185804811,1,0.001041333
97,0,0.013840341,1.15520262,2.109799727,0,0.007884864
98,0,0.551313953,1.535164568,0.511251693,1,0.002376942
99,1,0.65246119,-0.745848496,-0.728768046,1,0.613395911
100,1,0.931660708,0.698532647,0.036273564,1,0.620302761
101,1,0.690391705,0.599909958,-0.134613897,1,0.755069657
102,0,0.253767139,-1.076935677,-1.101970556,1,0.28581838
103,0,0.41103837,0.833741021,2.032153111,0,0.064535928
104,1,0.122891113,-0.628213393,0.150700553,1,0.619649266
105,1,0.131966556,0.126380893,0.22674942,1,0.54048903
106,0,0.640118008,0.56820549,0.210579446,1,0.260512592
107,0,0.346423432,-1.515496205,-0.396740392,1,0.062867888
108,0,0.422756605,-0.979714443,-1.10815056,1,0.288819306
109,1,0.93940888,0.197439993,-0.29081346,1,0.734314672
110,1,0.383889231,0.925819943,0.182302835,1,0.53278734
111,1,0.228585131,0.230950583,-0.08893472,1,0.607267183
112,1,0.690278686,0.222130048,1.135783371,1,0.043751755
113,0,0.009857917,0.024830483,0.619516611,1,0.521460787
114,0,0.686130894,0.371851774,0.677222616,1,0.389965856
115,0,0.791674596,-0.901006566,-1.797536824,1,0.184016319
116,0,0.507493489,0.725533333,0.576805829,1,0.190130869
117,1,0.308076249,-1.058607094,-0.460604398,1,0.525013506
118,0,0.737212277,-0.361998834,-0.533848572,1,0.510018533
119,0,0.304715243,0.085936449,-0.287623424,1,0.504830982
120,1,0.774708702,-1.59911531,-1.570589544,1,0.064443543
121,1,0.112113638,0.098517263,-0.289980413,1,0.589407999
122,0,0.7977437,-0.325900656,-0.520182401,1,0.498027454
123,0,0.491001167,-1.34694908,-0.035135293,1,0.097646772
124,0,0.832918175,-0.684295174,-0.382494602,0,0.317448331
125,1,0.758423155,0.855879031,1.539867235,0,0.000946514
126,0,0.902146561,-1.224339744,-1.197243825,1,0.128812712
127,1,0.278440013,-0.08239298,-0.331907342,1,0.521979949
128,0,0.44569285,-2.557627077,-2.197286211,1,4.28E-05
129,0,0.272015736,-0.241583285,-1.055207295,1,0.583473014
130,1,0.329918326,-0.884484954,-0.079779435,1,0.561654726
131,1,0.863600654,1.544093241,1.422629647,0,0.001591947
132,0,0.109857953,-0.097547525,-1.752931171,1,0.671155392
133,0,0.4022569,-0.600823802,-1.076847034,1,0.437108934
134,1,0.406075094,-1.230848253,-1.457545994,1,0.090148642
135,1,0.436479255,-0.371838786,0.71770093,0,0.114968326
136,1,0.177000096,1.13160237,1.088337893,0,0.010211706
137,1,0.2657302,-0.746349422,-1.559076008,0,0.057126687
138,1,0.659550013,-0.330885745,-0.488011491,1,0.638576339
139,1,0.816055505,1.560829063,1.06731802,0,0.019964411
140,1,0.421184345,-0.227073821,-1.089198499,0,0.322410248
141,1,0.160064304,0.842330112,0.476278949,0,0.186602107
142,1,0.288610127,0.882944099,-0.133719075,1,0.699971008
143,0,0.802129008,-1.99051216,-0.520467035,1,0.001992712
144,0,0.164245682,1.094164406,1.246566419,0,0.013683854
145,1,0.789792735,0.593591517,0.935956246,0,0.051922823
146,0,0.52421497,-0.154205361,-0.784870916,1,0.5491809
147,0,0.320035003,-1.22426617,-0.514599959,1,0.124429341
148,1,0.275177088,-0.518483182,-0.232501639,1,0.684316781
149,0,0.801898038,1.039994576,0.525887668,1,0.036827863
150,1,0.104024431,-0.513172352,-0.572182809,1,0.539387858
151,1,0.838122267,-1.69310936,-1.911996552,0,0.026180919
152,1,0.079262874,-0.489819031,0.214936331,1,0.500754539
153,0,0.717564067,0.787210656,0.697576353,1,0.131591788
154,0,0.864617827,-1.412006359,-0.817601497,1,0.055006392
155,1,0.978558208,-0.428692537,-0.028947118,0,0.572853889
156,0,0.249126208,-1.09353529,-1.257400512,0,0.377759217
157,1,0.02486069,0.126011394,0.098669843,0,0.41996151
158,0,0.222978232,0.108746727,-0.363614851,1,0.432172816
159,0,0.1220255,0.103985416,-0.168779376,1,0.540547981
160,0,0.385239425,-0.216246435,-0.980822331,1,0.466515196
161,0,0.084330474,-0.566023446,-0.798464416,1,0.525344026
162,1,0.2825819,0.938057873,0.738200851,1,0.237438331
163,0,0.566582459,0.160842368,0.04139465,1,0.440885062
164,1,0.328542302,-0.86426426,0.504687093,1,0.35986301
165,1,0.943474683,-3.130103281,-3.050588267,0,8.81E-07
166,0,0.377303514,-0.822137643,-1.631563924,1,0.332813328
167,0,0.953315612,0.479255992,0.988223611,1,0.255706075
168,0,0.273252868,-0.312384571,-0.470139981,0,0.347854951
169,1,0.687330156,-1.548095375,-0.776150289,1,0.514205092
170,0,0.136991804,-0.437251975,-0.407802028,1,0.597194894
171,1,0.810210772,-0.801253473,0.078809484,0,0.457414654
172,1,0.762604692,-0.477554011,-0.486989695,1,0.661962072
173,1,0.442404834,0.626234506,0.329018857,1,0.535770447
174,0,0.456675695,0.920849146,2.00462375,1,0.049733488
175,0,0.680455089,1.324441646,0.576190934,0,0.001910713
176,1,0.074397909,1.082119616,1.314844937,0,0.002009002
177,1,0.646629075,-0.049883,-0.584629474,1,0.6576199
178,1,0.789914112,0.485355992,1.138773494,1,0.062772639
179,1,0.223316507,-1.064330216,-0.822806679,1,0.477536619
180,1,0.04094399,-0.016385654,-0.251412066,1,0.399740563
181,0,0.384648363,2.205314493,1.998459255,0,1.26E-06
182,0,0.344092154,-0.255718119,0.231042949,1,0.588120566
183,1,0.446368692,-0.001972787,-0.585300658,1,0.590151377
184,1,0.386833169,-0.34901403,-0.774742999,1,0.447981809
185,1,0.918317915,0.63008451,0.853480075,0,0.065594235
186,0,0.174017543,1.820197704,2.231138424,0,5.95E-05
187,1,0.149870562,0.866072907,-0.073273017,1,0.512872505
188,1,0.613199229,-0.303927628,-0.198625399,0,0.578470797
189,1,0.017243332,2.312654995,1.676347494,1,0.000765868
190,1,0.066110484,-0.573282905,-0.924826942,0,0.393038002
191,1,0.778839041,0.728846849,1.447699398,1,0.004928156
192,0,0.935656127,-0.679519819,-0.130953717,1,0.323338479
193,0,0.20720414,-0.929685372,-1.035684936,1,0.339433155
194,1,0.643343157,1.42728959,0.916167596,1,0.056054201
195,0,0.331379575,-1.815941609,-1.645967171,1,0.01146914
196,1,0.955421591,-0.730075807,0.137145212,1,0.622849173
197,0,0.817189157,-0.233237089,0.263081255,1,0.469470171
198,1,0.740276143,-0.535265048,-0.315550071,1,0.707638334
199,0,0.222705977,-1.59611599,-1.554654794,1,0.022889728
200,1,0.045724717,-0.907032937,-0.32672682,1,0.557038627
201,0,0.366526579,-1.748622851,-1.246395204,0,0.015631165
202,0,0.741393025,1.628011014,2.071268134,0,0.000337887
203,1,0.93350625,-1.590955765,-1.980727339,0,0.008501774
204,0,0.67320995,-1.289026613,-2.762173086,0,0.139865521
205,0,0.701357107,0.826269091,0.515684644,0,0.036982699
206,1,0.847625408,0.516951831,1.228552339,1,0.020061137
207,1,0.706156655,-0.136381928,-0.2406089,1,0.772923676
208,0,0.85880776,-0.024176843,-0.373650308,1,0.400838574
209,0,0.445644491,1.254737025,0.13991136,1,0.013392411
210,1,0.676634992,1.510759001,1.179730629,1,0.024051024
211,1,0.127824783,-1.30842271,-1.751071207,0,0.019478289
212,0,0.736171535,1.420798436,1.088451792,0,0.001153906
213,1,0.067245148,0.164717088,0.21231901,1,0.344187785
214,1,0.28080007,-0.262205191,-0.390534959,1,0.581808467
215,1,0.411617684,0.871019441,1.562533902,1,0.00330324
216,0,0.943424997,1.332109133,0.475581643,1,0.004522622
217,1,0.977342533,1.638099365,0.820091323,1,0.185100509
218,1,0.038866585,0.020433886,-0.580491605,1,0.56068345
219,1,0.587727777,0.75446997,0.738527547,1,0.18048352
220,0,0.030011677,-0.310868325,0.879707938,1,0.631315511
221,0,0.565281208,-0.872558236,-0.122294971,1,0.359830128
222,0,0.098227231,1.793676417,1.586428794,0,6.69E-05
223,0,0.630290789,0.368811941,-0.057724194,1,0.295601081
224,1,0.818501835,-0.398777773,0.293590276,1,0.520287918
225,1,0.350041663,0.424395729,0.593101461,1,0.352797391
226,1,0.133983675,0.489446068,0.260223252,0,0.200591514
227,0,0.080943378,-0.66848027,-0.689098152,0,0.475097314
228,0,0.350443314,-0.376300523,0.274009684,1,0.459577772
229,0,0.996271785,2.53573359,2.477862488,0,1.86E-08
230,1,0.532968811,-0.125258742,-0.014376883,0,0.562864498
231,0,0.33589738,-0.498668844,-0.071221518,0,0.449467889
232,0,0.314234643,0.854728107,0.557784497,1,0.093336806
233,0,0.38262206,0.941120503,-0.168856868,1,0.07386478
234,1,0.018546408,-0.511786277,-0.523656517,1,0.486709247
235,0,0.036539117,-1.376065332,-0.706593578,0,0.137152415
236,1,0.878513294,0.862953958,0.76782461,0,0.101710829
237,1,0.402064024,-0.067546026,0.296148977,1,0.406251707
238,1,0.469381074,0.613842197,0.313778858,1,0.478314673
239,0,0.40233651,-0.028935384,-0.531439066,1,0.393987569
240,0,0.702090102,-1.70865512,-1.469242439,0,0.026018927
241,0,0.399164465,0.171881039,-0.038974926,1,0.536662728
242,1,0.501958323,2.06848907,2.529877026,0,5.32E-08
243,1,0.036973751,-1.666881254,-1.144892726,1,0.278467828
244,0,0.297975735,-0.834700209,-1.059612518,1,0.437934459
245,0,0.962841982,-1.312582829,-1.257367862,1,0.06150813
246,0,0.935096905,-0.603331671,-0.099013008,1,0.493767765
247,0,0.961099177,0.928913539,1.728366763,1,0.056966061
248,0,0.792595364,-0.038776011,-0.256135619,1,0.510753496
249,0,0.754777193,-0.113502972,-0.378098882,1,0.525338939
250,1,0.06596663,-1.152761687,-1.325962038,1,0.114190929
251,1,0.135504779,-0.268601999,0.394144458,1,0.239594755
252,1,0.123599376,1.20195731,0.789532824,0,0.049838688
253,0,0.762543861,2.351615099,1.995996783,0,2.07E-07
254,1,0.903465716,1.3340621,1.194806678,1,0.049811214
255,0,0.40265909,-0.481736235,-1.191787085,0,0.512967639
256,0,0.182563008,-0.367597839,-0.600192107,0,0.511878567
257,0,0.374565219,0.693545344,0.474918747,1,0.233739754
258,0,0.506208677,-0.026054944,0.006739894,1,0.54571988
259,0,0.913502679,0.078392892,0.451215513,1,0.404274343
260,1,0.076645181,-1.691932405,-0.832324705,1,0.386578104
261,1,0.109745524,-0.632409417,-0.188037164,0,0.52056743
262,0,0.754267222,-0.542836015,-1.239138135,0,0.407664925
263,0,0.304598776,-1.305130877,-0.480985953,0,0.190983018
264,1,0.723809656,-0.912418979,-0.47041394,1,0.596981858
265,1,0.232330029,-0.41661793,-0.381247661,0,0.426019096
266,0,0.393458867,-0.373535473,0.362633063,1,0.60504023
267,0,0.507879397,0.460826846,0.757636479,1,0.216511634
268,1,0.939916865,-0.447521938,-0.531906836,1,0.62058311
269,1,0.057875171,-0.664766406,-0.983722588,1,0.302212713
270,0,0.304765705,1.311577906,1.797182499,0,0.003799948
271,0,0.240924044,1.561420377,0.350319827,0,0.000419773
272,0,0.385203435,0.71262279,0.627786984,1,0.137008323
273,0,0.762983356,1.94365217,1.326306709,1,4.75E-05
274,0,0.864646999,-0.387130257,-1.493593926,1,0.414650293
275,0,0.679111215,1.909520737,2.031458569,0,2.42E-05
276,0,0.676762705,1.214588902,1.144533477,1,0.012172917
277,0,0.165052519,0.849592868,-0.259022312,1,0.096950443
278,0,0.802867429,0.677057452,0.523871021,1,0.105430507
279,0,0.711993431,-0.05619814,0.174190761,1,0.470987827
280,1,0.928703089,-0.282650124,0.069472458,1,0.671357649
281,0,0.007494605,-1.596592557,-1.435353233,0,0.0561982
282,1,0.596331653,0.51725497,0.911145119,0,0.049818823
283,1,0.366745681,2.007701084,2.11314025,1,3.13E-05
284,0,0.741967155,1.909251783,2.11050676,1,6.17E-05
285,0,0.762087391,0.194358528,0.132247381,1,0.355122072
286,0,0.260722959,0.180129318,-0.387636388,1,0.435789603
287,0,0.254935881,0.105861761,0.244211639,1,0.463178951
288,0,0.67884081,0.849468962,1.3547679,1,0.081564322
289,0,0.485480662,0.797803644,2.043837378,0,0.05407752
290,0,0.37858453,0.513241081,0.271455164,1,0.269288069
291,0,0.055547983,1.068460544,1.074897398,1,0.055787952
292,0,0.899025898,0.556460332,-0.608541757,1,0.217180502
293,1,0.801723314,0.695623395,0.261764379,0,0.446276116
294,0,0.48101305,0.787354683,1.493269419,1,0.102296118
295,1,0.032128759,3.570082753,3.4307769,0,2.46E-13
296,1,0.512006812,-0.207733808,0.103857742,1,0.603529445
297,0,0.373101272,-0.825392313,-0.459814712,0,0.393527753
298,0,0.498571685,0.688829687,0.168699041,1,0.204826449
299,0,0.399265737,-0.394557449,-0.386062999,1,0.561033662
300,1,0.020946945,0.547314142,0.674677385,1,0.135574188
301,1,0.524289028,0.413561793,0.242842609,1,0.492333646
302,0,0.16039885,1.209502343,1.322195744,0,0.006636119
303,0,0.205114235,-0.743981768,-1.102185159,1,0.484457716
304,0,0.975226716,-0.84365248,-1.475317741,0,0.284627798
305,0,0.966354875,1.363184153,1.652102829,1,0.005983435
306,1,0.760070322,-0.165067526,0.598413414,0,0.239967771
307,0,0.076370532,-0.936887739,-0.837404587,1,0.351009266
308,1,0.515823876,-1.013742232,-1.051700239,0,0.303098149
309,0,0.600305195,-0.450598521,-0.611883855,1,0.552568957
310,0,0.437024091,0.180639435,0.955135747,1,0.524663144
311,0,0.001642261,-0.808364036,-0.205870467,1,0.503296844
312,0,0.435551518,0.905932457,1.675160174,1,0.061701108
313,1,0.500963769,0.063870452,0.405174057,1,0.390802127
314,1,0.669604706,0.113369759,0.263414463,0,0.270761213
315,0,0.694857107,-0.151760033,0.121907239,1,0.453823337
316,0,0.782510314,-0.358319745,-0.214081674,1,0.452793066
317,0,0.139022846,0.167397286,-0.489934566,0,0.283745625
318,0,0.163245677,0.522975728,1.701555236,1,0.30798377
319,1,0.75954291,-0.973882224,-1.601281764,1,0.061712297
320,1,0.443703617,0.784421084,1.306020394,1,0.014390239
321,1,0.62966883,0.001194475,-0.675748996,1,0.440692355
322,0,0.10451286,0.951424095,0.461844283,1,0.055841726
323,0,0.835548897,0.137962017,-0.25032452,1,0.470167433
324,1,0.333949362,-0.966369508,-1.6223533,1,0.067545509
325,1,0.199519189,0.352837835,0.314447774,1,0.53826427
326,1,0.694545476,-0.381426871,-0.846568986,1,0.58252073
327,1,0.165878763,1.038447139,1.124364739,1,0.056109973
328,1,0.073963904,-1.348580019,-0.243596256,1,0.614010453
329,0,0.038236188,-1.921429936,-1.51743382,0,0.009381544
330,1,0.846020217,-0.358099732,-1.284621308,1,0.147104756
331,1,0.373548197,-0.680981915,-0.419325761,1,0.657013667
332,0,0.880710697,-0.814807339,-0.773902042,1,0.371551146
333,0,0.090317772,-0.760457796,0.303455666,0,0.342243123
334,1,0.495907411,-0.710906998,-0.434226381,1,0.638849751
335,0,0.754322736,-0.324256575,-0.465821811,0,0.428529705
336,0,0.605890813,0.661194136,-0.030290007,1,0.136973757
337,0,0.528412797,-1.131973345,-1.106345604,1,0.217353996
338,0,0.910206683,0.405228552,1.057002383,1,0.168361403
339,1,0.985728904,0.242382394,-0.247298642,0,0.602325928
340,1,0.279742562,0.172817363,-0.246349949,0,0.540571332
341,1,0.123491695,-2.228013725,-1.688767156,0,0.028435353
342,0,0.174379044,-0.540781161,-0.038644542,1,0.51003189
343,1,0.881335255,-0.455108242,-0.613698381,1,0.685929687
344,0,0.124628272,0.948412943,0.681392331,0,0.040860565
345,1,0.298968905,1.412092766,1.263203903,0,0.00553912
346,0,0.16473464,0.881224541,1.487124841,1,0.081801489
347,0,0.072609544,-1.086828322,-1.054719046,1,0.308391953
348,0,0.238413982,-0.83645604,-0.694784196,1,0.329382718
349,0,0.716666605,-0.53287628,0.360681358,1,0.480427421
350,1,0.645020992,-1.257231756,-0.781058965,1,0.596904162
351,0,0.075874967,-1.876279401,-1.20967672,1,0.006210545
352,0,0.172708922,0.289946494,1.232246905,1,0.509256222
353,1,0.145670358,0.151208476,-0.020106776,1,0.650109991
354,0,0.391901184,0.618891584,0.562922718,1,0.224241359
355,1,0.231745099,-1.202864344,-1.111282683,1,0.363109328
356,0,0.561379823,-0.452486071,-0.20239188,1,0.553142452
357,1,0.583520187,-0.989108963,-1.263832769,1,0.262671892
358,0,0.098759338,-0.859855652,-0.735555509,1,0.463432859
359,1,0.158916541,0.414516256,0.02638191,0,0.482887607
360,0,0.922065404,-0.8806416,-0.687028579,1,0.224845528
361,0,0.859449719,-0.696064572,-1.214866029,1,0.413102552
362,0,0.907198753,-1.192600107,-1.319865089,1,0.133787667
363,1,0.115268956,-1.760483548,-0.998297112,1,0.279875561
364,0,0.035539234,-0.735591141,-0.924129997,1,0.408054896
365,1,0.585754388,1.829658479,1.447664726,0,0.002191559
366,1,0.314168265,-0.790889313,-0.470245166,1,0.566666776
367,0,0.556889274,-0.250368567,-1.890854037,0,0.416627097
368,1,0.354495415,-1.379701799,-1.323841907,1,0.216110805
369,1,0.143268312,-0.201507798,-0.088261119,0,0.481110871
370,0,0.567135463,-1.020991279,0.263103851,1,0.298779858
371,0,0.334098658,0.396035572,0.088829446,1,0.296474178
372,1,0.120401191,-0.052200974,-0.491595717,1,0.590677765
373,1,0.255854324,0.208604431,1.460387545,0,0.00107706
374,0,0.353385316,0.59198773,0.793135198,1,0.227382745
375,0,0.831319929,1.017301677,1.01408876,1,0.053517672
376,0,0.783223917,0.093954663,0.374430903,1,0.478791669
377,0,0.940152207,1.194280905,0.949238474,1,0.01663241
378,1,0.839199032,0.258028851,-0.405280936,1,0.676515709
379,0,0.148985019,0.686124186,1.108392985,0,0.174777776
380,0,0.590676085,-0.176318054,-0.127565888,1,0.473810569
381,0,0.823962601,-0.628365164,-0.682544562,1,0.376165802
382,1,0.631885365,-0.813129589,-1.53378172,1,0.052712999
383,1,0.469929961,-0.463922106,-0.89969926,1,0.438223802
384,1,0.258740904,-0.852162391,-0.587951569,1,0.552643917
385,0,0.024580351,0.81466829,0.293438956,1,0.169083539
386,0,0.328808128,-0.18691139,0.086696071,1,0.556856328
387,1,0.224853484,-0.946416619,-0.266061143,0,0.631170223
388,1,0.877331839,-1.123415227,-0.604568697,1,0.560385565
389,0,0.677654201,1.818747535,1.090961843,1,0.000164949
390,1,0.525933304,-0.262466727,-0.19292963,1,0.680044082
391,0,0.557686664,-1.203776111,-1.198345232,1,0.227225525
392,0,0.247471673,-0.661403765,-0.165735709,1,0.565856866
393,1,0.007296771,-0.015215633,0.194680682,0,0.404990806
394,1,0.948906435,1.159521589,0.44286494,0,0.265130049
395,0,0.719150139,0.010978091,-0.174348975,1,0.547064169
396,0,0.279324545,-0.201116467,0.416270083,0,0.360661238
397,1,0.743782856,-1.255683811,-0.743711146,0,0.508474697
398,0,0.870748401,0.264645598,1.267304271,1,0.341650127
399,0,0.380370125,0.364668691,-0.17250071,1,0.372807842
400,0,0.719447516,0.892476283,0.525094106,0,0.021755602
401,1,0.23960671,1.590257026,1.385228631,1,0.008263021
402,0,0.647764874,-0.100508192,0.444669553,0,0.384557379
403,1,0.975670761,-0.299717762,-0.243771458,1,0.744689745
404,1,0.377998808,-1.1440852,-0.331843469,1,0.682637933
405,1,0.464144129,-0.707743495,-0.400992198,1,0.655668866
406,1,0.812296296,-0.918891974,-0.84086837,0,0.568521655
407,0,0.494408113,-0.14530727,0.856845211,0,0.384339668
408,1,0.050309023,-1.553542705,-1.269604536,1,0.174398161
409,0,0.130621741,-1.868112969,-1.489157829,1,0.008063011
410,1,0.161438316,-0.64953813,-0.634196401,1,0.596251821
411,1,0.08945316,1.088025632,0.99762668,1,0.057540567
412,0,0.403614088,0.315599271,-0.079327891,1,0.435342468
413,1,0.063859868,-0.124310183,-0.82639751,1,0.438788607
414,1,0.562005922,0.705018957,0.582959631,1,0.326204985
415,1,0.336524108,-0.345523093,-0.330559981,0,0.492951103
416,0,0.540642281,-0.611101104,0.389931887,1,0.50153469
417,0,0.913231222,-0.252524801,0.392917987,1,0.51425862
418,0,0.386880759,1.144729717,0.949570066,1,0.030885509
419,1,0.960267164,0.987422614,1.498882997,0,0.001446264
420,1,0.384686591,1.53071225,0.936247481,1,0.068776733
421,0,0.941601979,0.908815679,0.974436367,1,0.080442205
422,1,0.680635657,0.187676957,0.446070825,1,0.347837241
423,1,0.902642354,2.272624694,1.342926799,0,0.004431971
424,0,0.253797066,1.638161443,2.291433303,0,0.000267459
425,0,0.406097129,1.46614566,1.089422018,0,0.000984243
426,0,0.014248614,0.284543388,-0.707084461,1,0.474219664
427,0,0.110447794,-0.659958575,-1.340612604,1,0.35376924
428,1,0.501537792,0.7252867,-0.354140382,0,0.509210068
429,1,0.371526648,-0.421168239,-0.646850016,1,0.615405389
430,1,0.805915554,0.038322013,0.490633525,1,0.415310663
431,1,0.007922844,-0.375677635,-0.683256043,1,0.481111988
432,0,0.836512059,1.222017143,0.550061643,1,0.017529222
433,0,0.376839179,2.197107076,2.014395614,1,7.88E-06
434,1,0.385248533,0.92544954,0.928831462,1,0.113929656
435,0,0.951530576,0.64593507,0.78098126,1,0.205113664
436,1,0.475674239,-0.086643127,0.158499915,0,0.372303339
437,1,0.552093794,2.164559602,2.030357751,0,1.32E-05
438,0,0.934716325,-0.055610451,-0.097474745,1,0.401482507
439,0,0.863436256,1.016118398,1.631237948,0,0.01628956
440,1,0.259914484,1.08218475,1.94799738,1,0.000102067
441,0,0.687699835,0.3809648,-0.072473523,1,0.31078822
442,0,0.447907246,-3.263370728,-2.994323026,0,4.93E-08
443,1,0.218016276,-0.322404497,-0.312229467,1,0.666879997
444,1,0.686236815,0.077858358,0.801371477,1,0.249182802
445,0,0.959382025,-1.509001011,-0.999492653,1,0.034576081
446,0,0.259404481,-1.536544779,-0.94707692,1,0.04044076
447,0,0.468759992,0.953960606,0.789495618,0,0.024822942
448,1,0.321339558,-2.975183663,-2.402955656,1,0.000200711
449,0,0.164642815,0.030425073,0.418837656,0,0.372982595
450,0,0.714727725,0.088891071,-0.606392032,0,0.309608588
451,1,0.528165751,-0.378106162,-0.888630544,1,0.546222391
452,0,0.23471468,-0.31525379,0.437101856,1,0.538877818
453,0,0.064431662,0.178658668,-0.073870376,1,0.518504141
454,0,0.675763496,-0.122752262,0.597884183,1,0.530989385
455,0,0.806145362,-0.061163133,0.299750273,1,0.485343475
456,1,0.115471235,-0.221490484,-0.808096335,1,0.440912382
457,1,0.692014421,0.396208108,0.100993083,1,0.627137383
458,1,0.021786229,1.689960029,0.979351275,1,0.080900542
459,1,0.361376709,0.589566403,0.693761574,1,0.244700464
460,0,0.73228005,2.409171596,0.470460521,1,6.05E-07
461,0,0.312623042,-0.596126403,0.06738339,1,0.511713871
462,0,0.447153053,0.481122574,0.640446204,0,0.162081644
463,0,0.825439068,0.260980534,0.707248923,1,0.315985976
464,0,0.331795465,-0.653942246,-0.775723215,1,0.546074142
465,0,0.144025167,-1.178592314,-0.392703095,1,0.156301883
466,1,0.300920752,1.746854648,1.850707843,1,0.000449511
467,1,0.162601797,-0.526807709,-1.064445292,1,0.274800138
468,0,0.839471578,0.935809849,0.89292253,1,0.042904365
469,0,0.664307477,-0.50267466,-0.00931808,1,0.419284286
470,1,0.138867306,-0.661031288,-1.4530955,1,0.081247205
471,0,0.325881814,-1.455988375,-1.495137992,1,0.073540689
472,1,0.831430219,-0.942158766,-1.378224579,1,0.109528389
473,1,0.822539104,-1.45223822,-2.298710286,0,0.001063052
474,0,0.14939992,-1.424310552,-0.276174398,0,0.095499905
475,0,0.42127969,0.890362282,0.982021515,1,0.101504558
476,0,0.445182652,-0.699552035,-0.417968604,1,0.537975377
477,1,0.883927376,1.636028622,1.704710139,0,0.000226501
478,0,0.414997327,0.266968739,-0.599116345,1,0.358136548
479,0,0.689892162,-0.922135366,-0.882129294,0,0.340712433
480,1,0.716920877,-0.642795424,0.095368589,1,0.613242956
481,1,0.01237917,-0.943168152,-0.189830788,1,0.626570758
482,0,0.037829448,-0.28535102,-0.568568128,0,0.644676194
483,1,0.090877414,-0.357423494,0.472829207,1,0.364918692
484,1,0.398823967,-0.331463371,0.489641607,1,0.375334595
485,1,0.900214576,0.506322291,0.952484473,1,0.073816758
486,1,0.444902628,0.062874605,0.975187884,0,0.026832755
487,0,0.755153092,0.468995162,1.024916414,1,0.2864552
488,0,0.71147024,-0.01724902,0.271486293,1,0.520585622
489,1,0.16675635,-0.243375535,-1.308660858,0,0.145915056
490,0,0.869142389,0.243669547,0.620672601,1,0.372535576
491,0,0.089184535,0.375961625,0.417770065,1,0.340859172
492,1,0.163013663,-0.158824846,-0.617542279,1,0.538508976
493,0,0.849353688,-0.332120933,-0.414381774,1,0.520963475
494,0,0.628130341,1.326142159,0.780493536,1,0.006214967
495,0,0.208459951,0.956052754,1.622412091,0,0.020478875
496,0,0.672860827,0.157090764,0.062972699,1,0.436021337
497,0,0.964205691,-0.011948045,-0.742588017,1,0.392572452
498,1,0.881738852,1.550418886,1.627954886,1,0.001940173
499,1,0.961764687,-0.842482575,-1.549817541,1,0.069826882
500,0,0.464693186,-0.512145571,-1.241978865,1,0.558121337
501,1,0.072877357,1.311997668,0.323093597,1,0.370728827
502,1,0.874308754,-0.704248454,-1.07562663,1,0.410953511
503,1,0.198872806,0.989053334,0.729784451,0,0.10268569
504,1,0.534589759,-1.186403941,-0.623664431,1,0.506279966
505,0,0.105562191,0.68194885,0.354746203,1,0.287538923
506,1,0.383995017,-0.492655205,0.142620462,0,0.458844645
507,0,0.747705925,1.222793828,0.492555391,1,0.018274075
508,1,0.695790998,1.531920146,1.024862887,1,0.106683935
509,1,0.098391772,0.194752076,-0.393773142,0,0.63177791
510,1,0.611531793,0.98895482,0.194145581,1,0.652106111
511,1,0.020925254,-1.569734719,-1.892196606,1,0.004859008
512,0,0.649712249,-0.221062426,-0.284261003,1,0.597378952
513,0,0.97837807,-0.966595501,-1.361158876,0,0.239938887
514,1,0.842504459,0.195756112,0.197563737,1,0.607370376
515,1,0.842785842,-0.283859138,0.256940941,1,0.561865757
516,0,0.387452163,-0.487338225,0.034920376,1,0.522438596
517,1,0.793071102,0.286828044,-0.649066208,1,0.576833369
518,1,0.406196559,0.834564193,0.995265325,1,0.108479079
519,0,0.253348905,0.166540449,-0.462793805,0,0.368703898
520,1,0.419303989,1.831361471,1.735349048,0,0.000185777
521,1,0.495499533,-1.840997058,-1.82174198,0,0.017905484
522,1,0.858245957,0.528170372,0.162956404,1,0.565022298
523,0,0.732264854,2.257079625,1.810309555,0,8.09E-07
524,0,0.974428491,-1.12570589,-1.058950906,1,0.233368913
525,0,0.10005491,-0.78371243,-0.74791654,1,0.445278187
526,1,0.832590837,0.090411054,-0.855151161,1,0.522791802
527,1,0.450554178,0.344438309,-0.168003593,1,0.66612207
528,1,0.850459136,-0.585219736,0.126082517,1,0.699565903
529,1,0.569751544,-0.282727497,-0.605874852,1,0.49816373
530,1,0.961542514,1.700621826,2.004768316,1,7.86E-05
531,1,0.954750734,0.170776032,0.064001092,1,0.561002743
532,0,0.283779509,1.238751525,0.8618497,0,0.004535562
533,0,0.739606498,-2.88127366,-2.835977747,1,5.49E-07
534,0,0.070742576,1.039297109,1.131394922,1,0.039054189
535,0,0.900119547,1.041233261,1.482449376,1,0.03498927
536,0,0.133420573,-0.406043884,-0.522271087,1,0.483745232
537,0,0.555886078,0.017184948,-0.449709864,1,0.498269957
538,0,0.600408033,1.959114337,1.248896291,1,5.74E-05
539,0,0.132961039,0.736526816,-0.657241386,1,0.165176079
540,1,0.509312337,0.851624289,1.145344899,1,0.038477224
541,0,0.367049908,0.558750539,0.571603213,1,0.212243949
542,1,0.003304547,-0.438961516,0.1344662,1,0.441975022
543,1,0.04797986,-0.142234074,-0.419603439,1,0.698419067
544,0,0.88204845,-1.543066789,-1.188163399,1,0.034811571
545,0,0.82351704,-2.189587992,-1.923548854,1,0.000470605
546,0,0.413030901,0.30891107,-0.352190886,1,0.270925262
547,1,0.921733218,0.260270818,0.258643972,1,0.574531182
548,0,0.477402933,-0.918319921,-0.049161035,1,0.352878542
549,1,0.474994424,0.878696786,0.334685456,1,0.608735899
550,1,0.657836067,0.439984349,0.472860056,1,0.356844468
551,1,0.163320454,-0.507675775,-0.147595013,1,0.615268914
552,1,0.095194371,0.111544495,-0.01613399,1,0.549539375
553,0,0.861514792,1.041531731,1.449956763,1,0.032934021
554,1,0.23987917,0.154415584,0.450776158,1,0.369279653
555,1,0.555404132,0.999645482,0.542210014,1,0.297819115
556,0,0.849406595,0.430556728,0.504396227,0,0.208979142
557,0,0.349647581,1.737483396,1.581699569,0,9.52E-05
558,0,0.975738595,-0.029290157,0.226323698,1,0.405002098
559,1,0.86940553,-0.648988509,-1.255001121,1,0.186495693
560,1,0.754124051,-0.41330992,-0.47236643,0,0.504604805
561,1,0.22367342,0.214817332,0.242333675,1,0.498826916
562,0,0.769816465,-0.344235729,-0.173960255,1,0.434553233
563,0,0.874713584,-0.212062239,-0.114081526,0,0.425079188
564,1,0.043793108,0.929683498,0.349217507,1,0.382505542
565,1,0.199760707,-0.47926019,-1.012541781,1,0.280090488
566,1,0.853742358,-1.692157914,-1.999614583,1,0.005921857
567,0,0.652254128,2.293468115,1.59079558,0,3.60E-07
568,1,0.869332019,-0.125491089,0.962635229,1,0.139654904
569,0,0.813636587,0.9905253,1.029514782,0,0.019239176
570,1,0.361447638,-0.190064457,-0.410300426,1,0.591530067
571,0,0.090895846,0.143651202,0.03642588,0,0.360212903
572,0,0.57465529,-1.963181448,-2.178557886,0,0.003841316
573,0,0.654730414,0.368991364,0.319622057,0,0.1774893
574,0,0.822204776,0.502918609,0.397037324,1,0.261101675
575,1,0.455575515,-0.698863943,-1.045186854,1,0.377387438
576,1,0.984328898,-0.407322595,-0.610902298,1,0.665493109
577,1,0.750398378,1.492839256,1.091582161,0,0.022655527
578,0,0.133555687,0.674215276,0.228759161,1,0.263806904
579,1,0.215173513,-0.404391246,-0.082466111,1,0.601456411
580,1,0.848379538,0.500720591,0.209264582,1,0.603776179
581,0,0.465341185,-1.697836293,-0.89260671,1,0.021618857
582,1,0.91576779,1.092612264,1.161650537,1,0.045799429
583,1,0.916557738,-2.076108669,-1.595418998,1,0.071804003
584,0,0.819854584,-0.835233099,-1.0967512,1,0.373232641
585,1,0.566901158,1.265069208,0.036565213,1,0.633585368
586,0,0.615477161,1.10399019,1.112544941,1,0.034917372
587,0,0.79480029,-1.976571986,-1.356458264,0,0.00376246
588,1,0.439696549,0.598970894,0.557669786,1,0.325356704
589,1,0.412587253,0.450105082,0.207072419,0,0.447861644
590,1,0.565485285,-0.105157588,0.037293212,1,0.575738767
591,1,0.151647832,-0.605880028,-0.598572436,0,0.554938158
592,0,0.807460845,-0.559276102,-1.087217394,1,0.470766905
593,1,0.495641366,-0.307897131,0.599847639,1,0.303777938
594,1,0.140509183,1.221888945,1.098615264,1,0.042940739
595,1,0.110289279,-1.015789491,-1.847547238,1,0.012856498
596,1,0.110791063,-0.644452866,-1.3759821,1,0.099338074
597,0,0.004714279,1.430239446,1.720274323,0,0.001270343
598,0,0.238404355,-1.542737111,-0.779616556,0,0.080250603
599,0,0.878822879,-2.834294815,-2.217215351,1,1.90E-06
600,0,0.077218657,0.019906516,0.013684747,0,0.422183314
601,1,0.13853856,0.073513376,0.588557054,1,0.2973376
602,1,0.047524575,-0.203529482,0.227996578,1,0.512076516
603,0,0.033918873,-0.863867469,-0.816247408,1,0.46995262
604,1,0.916089018,0.320711841,0.338677672,1,0.51421474
605,1,0.840200394,-0.59587358,0.254661422,1,0.58498846
606,1,0.178871416,1.544809103,0.227603151,1,0.429335653
607,0,0.495267945,0.243614046,0.33526407,1,0.37571268
608,0,0.306958527,0.777278813,0.556477236,1,0.127204884
609,1,0.274376962,0.791147843,-0.165090131,1,0.642161235
610,0,0.128243855,0.582467671,0.202434142,1,0.232084144
611,1,0.429381913,0.76904204,0.692543722,1,0.197971802
612,0,0.695944964,-2.074220182,-2.325207455,0,0.001930268
613,1,0.335060718,0.228562276,0.767519508,1,0.196498077
614,1,0.701246433,-1.483934789,-1.107525896,1,0.405821346
615,1,0.840534915,0.653427502,0.045124434,0,0.357402768
616,0,0.882632007,1.116168882,1.412808171,0,0.006376693
617,0,0.76658935,-0.644827358,-0.21750628,0,0.523003777
618,0,0.322027628,-0.450773313,-1.10376208,0,0.544071216
619,1,0.042117008,-0.015253491,-0.15068728,1,0.56690604
620,0,0.892709922,1.071825985,1.977798493,1,0.030584327
621,1,0.638105145,-0.040569208,0.23495709,1,0.526989218
622,0,0.554493116,-0.106153465,0.392303293,0,0.473051001
623,1,0.766329948,-1.006504597,-0.044583474,0,0.466462651
624,0,0.096861294,-0.54229266,-0.472711598,1,0.529579926
625,0,0.748016488,-0.207362213,-0.061686104,0,0.500506846
626,1,0.875217988,-1.824427614,-1.232866285,0,0.29019323
627,0,0.007668596,1.184357614,1.189489145,0,0.008340053
628,1,0.934916985,-0.427853189,-0.217407095,0,0.642518573
629,0,0.406965658,-1.778541961,-2.070463212,0,0.016082896
630,1,0.78876339,0.208473008,-0.242054916,1,0.582133574
631,1,0.976127625,-0.218977552,-0.244531527,0,0.592399397
632,0,0.333402546,-1.56934845,-1.877611983,0,0.042340887
633,0,0.787214821,1.755831196,2.186829147,1,0.000283151
634,1,0.089360916,-0.897162035,-1.251848948,1,0.208219761
635,0,0.043699902,-1.088181573,-1.515422961,1,0.227124121
636,0,0.514933738,0.680941507,0.187155822,1,0.201218708
637,0,0.048089328,0.684661714,1.30279092,1,0.217556493
638,0,0.089196128,-0.083281531,-0.293512127,1,0.490275624
639,1,0.688325522,0.381096709,0.05614355,1,0.649115698
640,1,0.034838534,-1.025822023,-1.094301527,0,0.281820713
641,1,0.430910924,1.050947077,0.78656563,1,0.230867189
642,0,0.759294051,-0.156763941,0.758505319,1,0.463957883
643,1,0.831796955,-0.090723913,0.285012281,1,0.514879226
644,0,0.382462517,0.918790514,0.520238217,1,0.051021429
645,1,0.615554819,0.878038783,1.043500864,1,0.112311215
646,0,0.34498665,-0.775072723,-0.633948607,1,0.412748214
647,0,0.532278774,0.154422969,0.770597495,1,0.376160296
648,1,0.260009107,-0.866696685,-1.036548984,1,0.278443391
649,1,0.572860622,1.918497441,2.370145018,0,2.71E-07
650,1,0.905846678,0.117517522,0.761032869,1,0.219826738
651,1,0.566021879,-0.575674933,0.506782552,1,0.296794658
652,1,0.056486818,-0.461805807,-0.481579575,1,0.687684721
653,0,0.102113745,-0.231624406,-0.192643941,0,0.447907975
654,0,0.328341856,-1.396929795,-0.721288703,0,0.119502167
655,1,0.990600507,-0.017221052,0.139308941,1,0.74728776
656,0,0.714365339,0.502117568,0.620316975,1,0.266848967
657,0,0.078974184,-0.870379741,-0.117085716,1,0.390133181
658,1,0.614216449,-1.024287837,-0.538687377,1,0.617305777
659,1,0.493233673,-1.57182633,-1.562233084,1,0.056571474
660,1,0.269097655,0.994606769,0.099705207,1,0.595097862
661,0,0.293110863,0.348510362,0.293534648,0,0.291611085
662,1,0.4752783,-0.512608198,0.106121139,1,0.608802452
663,0,0.964078546,-0.390035626,-0.670022409,0,0.466803106
664,1,0.423632102,0.880570649,-0.383603095,1,0.60483331
665,0,0.844097096,-1.397866796,-1.247403314,1,0.065019355
666,1,0.953827351,-1.246059981,-1.586839187,1,0.04162342
667,1,0.286473525,-1.359420206,-1.420496105,1,0.097622807
668,0,0.540849398,-0.316227241,-0.378724919,0,0.383142415
669,0,0.581378318,1.085096551,0.435864434,1,0.027213238
670,1,0.256286894,0.735421674,0.63925014,1,0.220795716
671,1,0.878083968,-0.400793286,-0.686301209,1,0.647748551
672,1,0.882302388,1.424351887,1.303253086,0,0.005141164
673,1,0.987334685,-0.950541745,-1.253365427,1,0.314759802
674,1,0.101620901,-0.353886082,-0.594067927,1,0.552097489
675,1,0.618775002,-0.54957782,-0.860476382,1,0.475287233
676,0,0.70473377,-0.3446594,0.650948422,1,0.438034487
677,0,0.148588431,-1.847951328,-1.520535585,0,0.011382557
678,0,0.890810592,1.056355895,1.222711783,0,0.01252442
679,0,0.1626703,0.69040316,1.631368482,1,0.141561738
680,0,0.12186647,1.184739782,0.695806246,1,0.028785028
681,1,0.977556857,-0.235926095,0.078211826,1,0.605435747
682,1,0.627110265,1.389303756,0.834813345,1,0.143504754
683,0,0.01919943,0.600193817,0.336177633,1,0.242850082
684,1,0.829164145,0.782136881,1.062245347,0,0.024076883
685,1,0.998877475,0.324326606,0.017663848,0,0.576939531
686,1,0.868095516,0.413255292,0.148900502,1,0.659792064
687,0,0.396911075,-2.435923401,-1.629168572,0,0.000186413
688,0,0.936241783,-0.954073712,-0.080882109,1,0.167034031
689,0,0.324772896,1.175415514,0.775101644,1,0.03566247
690,1,0.972447562,0.107883958,0.086912087,1,0.580306219
691,0,0.562598454,-1.443720525,-0.90050991,0,0.061498075
692,1,0.579329038,-0.410634619,-1.43283995,1,0.109505631
693,1,0.824690354,-0.414780289,-0.654317519,1,0.627373812
694,1,0.198444478,1.784398707,2.297111103,0,8.06E-07
695,0,0.618989635,-0.277663428,-0.06778481,1,0.546980253
696,1,0.224564615,-0.537453215,-0.702720105,1,0.480851345
697,1,0.02522373,-1.737556512,-2.287608741,0,0.000697646
698,0,0.756505125,-2.050932689,-1.607388911,1,0.00168087
699,1,0.638156945,0.775779187,1.575266162,1,0.002825945
700,0,0.057868913,-0.218585706,-1.418769506,1,0.663438895
701,1,0.673797813,1.670229712,1.448216298,0,0.001292292
702,1,0.691544771,-0.847995721,0.214953842,1,0.633089738
703,1,0.74522896,-2.370282244,-2.104655831,0,0.00216144
704,1,0.124061871,2.164504553,2.053811323,0,5.48E-06
705,1,0.151171787,-0.720779925,-1.361411884,1,0.126686729
706,0,0.177430625,-0.38571586,-0.588288909,1,0.560422314
707,0,0.008869468,-0.115826213,0.30033001,1,0.59181697
708,1,0.633788643,-0.169738017,-0.061404471,1,0.694827351
709,1,0.372750885,-1.336073102,-1.58514241,0,0.054433865
710,1,0.277720049,-1.20071838,-1.704950004,1,0.027270603
711,1,0.172508501,1.371746683,1.312752996,1,0.009320709
712,0,0.203711141,-0.351701866,-1.010974951,1,0.448487684
713,0,0.221870882,0.063742056,1.528829164,1,0.44200736
714,1,0.253431505,1.211829671,2.07310427,0,9.53E-06
715,0,0.170097689,-0.935171147,-0.56358565,1,0.308373812
716,0,0.921676764,-0.711754658,-0.64799285,1,0.302801035
717,0,0.345313458,-1.789007151,-2.044417368,1,0.009101432
718,0,0.085109209,1.321630929,2.332854549,0,0.002639003
719,0,0.377817805,-0.373633447,-1.080959637,1,0.692386045
720,1,0.54334352,-0.626614498,-0.10039796,1,0.611028248
721,0,0.787010926,-1.375493668,-1.248125777,1,0.057023228
722,1,0.320313528,0.477373479,0.949811536,1,0.084815402
723,1,0.838038518,1.162851626,1.935922574,0,3.64E-05
724,1,0.998470485,0.222258507,0.215129981,1,0.638878692
725,0,0.213442992,-0.440595922,-0.329811359,1,0.553394519
726,1,0.437296491,-0.842769454,-2.368732567,1,0.000191627
727,0,0.378729996,1.476980589,1.390440224,0,0.001178145
728,1,0.965576709,0.437297873,0.892804762,0,0.037065082
729,0,0.641116502,-0.638764914,0.559943164,1,0.449752175
730,0,0.806135334,1.472172438,0.84443114,0,0.000660851
731,1,0.919062189,1.185541253,1.312202151,1,0.014873063
732,1,0.058622448,-0.450748604,-0.438343588,1,0.615951845
733,1,0.477642856,-1.556601633,-0.801221248,1,0.550345722
734,0,0.696882788,0.993879393,0.859001204,0,0.015293013
735,1,0.044671509,0.668112844,0.665305577,0,0.064081751
736,0,0.756854317,-0.21849532,-0.745953691,1,0.511594422
737,0,0.591673725,3.038698222,3.028086931,0,5.43E-11
738,1,0.510140463,-2.134338224,-2.76896679,1,5.95E-06
739,0,0.452601766,0.035189636,-0.050843555,1,0.456764132
740,0,0.025481966,1.259758372,0.930729927,1,0.01551415
741,0,0.961843609,1.47058891,1.380761452,0,0.000602502
742,1,0.98762744,1.125803272,0.751272082,0,0.099518795
743,1,0.634359558,-0.312746704,0.598104191,1,0.359097508
744,0,0.425541347,0.915306428,0.602189866,1,0.072661265
745,0,0.266625905,0.545975208,0.526553683,1,0.274430379
746,0,0.080569488,0.082392909,-0.135087076,1,0.371093731
747,0,0.330141563,-1.039281851,-0.647805518,1,0.29521261
748,1,0.894050103,0.822638777,1.51685225,1,0.007759469
749,0,0.306675198,-0.240111291,-0.435531213,0,0.42945391
750,1,0.402423841,-0.002341978,-0.56393449,1,0.605432113
751,0,0.573791398,0.131254644,0.355665654,1,0.41859994
752,1,0.596988384,-0.134020793,0.156137611,1,0.497191539
753,1,0.570017138,-1.800801616,-1.999694718,1,0.006700576
754,0,0.218071288,-0.596732674,-0.223323153,1,0.371738365
755,0,0.820126744,0.533187416,0.644600075,1,0.225989723
756,0,0.036655781,1.535548441,0.831969768,1,0.003071157
757,0,0.625582815,-1.389442547,-1.055005079,1,0.095271407
758,0,0.433478938,-0.298067319,-0.953301485,1,0.5796519
759,1,0.356926139,-2.711972949,-1.987551141,0,0.005706384
760,0,0.77366764,0.855944684,1.060954811,1,0.073072174
761,1,0.173452048,-0.443486414,0.453322483,1,0.347020971
762,0,0.493208973,0.786962702,0.734603811,1,0.248923331
763,1,0.737188909,-0.11442789,-0.968892661,1,0.36645598
764,0,0.511001023,0.58649504,-0.175192127,1,0.236130761
765,0,0.475086916,0.587588734,1.291867297,1,0.182930704
766,0,0.587899941,-0.058955327,-0.391462547,0,0.427957528
767,1,0.572537379,1.084580987,0.547850182,1,0.290543489
768,1,0.654917741,0.54614577,0.711792354,1,0.304613969
769,1,0.865125556,-1.459407124,-1.60011541,0,0.091416346
770,1,0.396846376,0.590130246,0.005057034,1,0.522092593
771,0,0.960116156,-1.697691912,-3.084190308,0,0.01824047
772,1,0.380877255,-0.144302651,-0.391285666,1,0.508321674
773,0,0.17008828,-0.628373289,-0.434254264,1,0.447027104
774,1,0.231604879,0.938121955,0.746978618,1,0.11896536
775,1,0.949920209,0.32226894,0.242258218,0,0.388830218
776,0,0.083508158,-0.450444484,-0.698335061,1,0.516377829
777,0,0.193044016,-0.215524749,-0.08686242,0,0.540964068
778,1,0.074695295,-0.014903831,0.369190869,1,0.43936496
779,0,0.605016008,-1.337606904,-0.610999082,1,0.077682573
780,1,0.215842896,-0.223032741,-1.084672158,1,0.252795186
781,1,0.587987261,-1.254963701,-1.135405194,1,0.30462222
782,1,0.228897603,-1.406955,-1.545712494,1,0.062685851
783,1,0.390925179,-0.79283607,-0.216136791,1,0.605107588
784,0,0.347905913,-0.626624868,0.59098673,1,0.465646066
785,1,0.918379402,-1.506044677,-1.510346634,0,0.084768272
786,0,0.112039124,0.332615313,0.56731535,1,0.391836081
787,1,0.254976144,-0.931587442,-0.353007027,1,0.562222477
788,0,0.18662407,-0.117545605,0.715924471,1,0.555248447
789,0,0.745543523,-0.191419552,0.465621883,1,0.52139119
790,0,0.932968782,0.20411908,-0.92358923,1,0.429967134
791,0,0.494711894,-1.553814854,-2.187325728,1,0.023614416
792,0,0.644993681,-1.453323503,-1.619877866,0,0.064881673
793,1,0.175802587,-2.963623936,-1.923429036,0,0.013406534
794,0,0.602994646,1.27113065,1.348819546,1,0.010870253
795,1,0.887757666,-0.372161225,-0.321593685,1,0.644457305
796,1,0.490209404,1.835308674,1.889425923,1,0.000175573
797,0,0.018383573,-1.56261607,-1.237832329,1,0.043139576
798,1,0.179390792,1.076121296,1.774381249,1,0.000761149
799,1,0.299391138,0.759203208,1.310754242,0,0.003781871
800,0,0.276964061,-0.081715324,-1.375342708,1,0.470782841
801,1,0.061609424,1.263006093,0.110564877,1,0.510961678
802,0,0.355321348,0.582282533,0.53603313,1,0.191941975
803,1,0.577037754,-0.348243873,0.066014811,1,0.555142596
804,1,0.535031558,1.882265582,1.016471744,0,0.032800368
805,0,0.60427283,-0.462533169,-0.075158606,1,0.49045996
806,1,0.486148978,2.236672187,1.663761144,1,0.000958554
807,0,0.131626568,-1.220994872,-1.079057318,0,0.152179628
808,1,0.964570049,1.262608339,1.261685526,1,0.022588827
809,0,0.742461576,-0.182035819,-0.825912757,1,0.552559932
810,0,0.366839385,-0.137079996,0.818492532,1,0.630383892
811,0,0.150825295,-0.26564189,0.12777326,1,0.440542771
812,0,0.226939673,-0.911884166,0.655775979,1,0.266444367
813,0,0.745116809,-0.28133872,0.111918489,1,0.501432791
814,1,0.050592378,0.972875945,0.792526314,0,0.096558223
815,0,0.593993297,0.065970608,-0.005495976,1,0.448921129
816,1,0.153250648,1.45686957,1.157085596,0,0.00779214
817,1,0.762780725,0.460180362,-0.241868668,1,0.706231365
818,1,0.995281065,0.762061745,-0.426776409,1,0.674156459
819,0,0.173998111,-0.051590049,-0.051281563,1,0.494873177
820,1,0.619130823,-0.831361451,0.014323059,1,0.611947389
821,0,0.537983174,0.093542053,0.306383803,0,0.274568357
822,1,0.818258262,1.041181867,0.868743499,0,0.081029971
823,1,0.321746907,0.566164823,0.999322083,1,0.066081329
824,1,0.582326937,0.906281206,1.009573788,0,0.034001736
825,1,0.070932379,1.506471448,1.826528705,1,0.000170679
826,0,0.570644013,0.202355559,0.484428507,1,0.459716435
827,0,0.560677251,0.196393388,0.103152197,1,0.3929439
828,0,0.434170939,1.208279366,1.778569251,1,0.020112687
829,0,0.961948785,-0.149571388,0.026331018,1,0.617053095
830,1,0.711271684,-0.543109467,-1.396238036,0,0.144501211
831,1,0.258469532,-1.030308256,-0.687210577,0,0.473308125
832,1,0.925677538,-1.169998341,-0.08898567,1,0.653622584
833,1,0.420811663,-1.462080482,-1.295855854,1,0.116341775
834,1,0.816300746,0.819101698,1.908830373,1,0.000218228
835,0,0.754665048,-0.702723649,-0.439638237,0,0.303794426
836,1,0.412143304,0.9268949,1.225490329,0,0.008357625
837,0,0.514416832,2.356647774,2.229224677,1,1.20E-06
838,1,0.542284718,0.175224405,-0.950961466,1,0.489878085
839,1,0.974024304,0.670176692,0.041741334,1,0.677010947
840,1,0.073637955,-0.503989922,-0.602608285,0,0.545038189
841,1,0.769503805,3.108957947,2.50629078,0,9.27E-08
842,0,0.872554909,-0.608002317,-1.467331718,1,0.509872284
843,0,0.989865585,1.146676,1.120197333,1,0.018284062
844,0,0.965147644,1.00009612,0.672618213,1,0.039195936
845,0,0.636421319,0.233551453,1.557582707,1,0.27611171
846,0,0.065389294,0.955496953,1.015516742,1,0.083264738
847,0,0.128414755,0.466316098,0.712764964,0,0.167155563
848,1,0.49278478,0.450534514,0.719342466,0,0.101051901
849,1,0.66324486,-0.872508935,-0.845002562,1,0.454938664
850,0,0.189378714,0.255459879,0.61404797,1,0.454665548
851,1,0.177598393,-0.506021443,-0.214752071,1,0.687751968
852,1,0.115560326,2.52053262,2.942672587,0,3.02E-10
853,0,0.1569524,0.432414803,0.976372133,1,0.412460453
854,1,0.85741085,0.522608211,1.094162228,1,0.069416853
855,0,0.424860532,-2.150628743,-2.118957353,0,0.001406223
856,0,0.878341671,-0.930759667,-1.622667901,1,0.254414259
857,0,0.824826564,-0.212596685,-1.666047677,1,0.473595142
858,1,0.978819617,-0.441548634,-0.687714353,1,0.63670426
859,0,0.634543016,-0.130738656,-0.961855809,1,0.52617734
860,0,0.691523276,0.706138695,0.531929405,1,0.126916783
861,0,0.792183339,-0.161780232,-0.294689103,1,0.563250464
862,0,0.034170646,-0.367333546,-0.206992753,1,0.502927565
863,1,0.819993681,0.686212373,1.601956896,1,0.002050275
864,0,0.687636163,-2.493308072,-1.56332133,1,4.26E-05
865,0,0.431776892,-0.322069519,0.18110877,1,0.452330401
866,0,0.243875787,0.766772249,0.89401633,1,0.175084851
867,0,0.008147703,0.917993864,1.149247213,0,0.034691834
868,1,0.421106143,-0.184874415,-0.211091025,1,0.674388519
869,1,0.786956908,0.019364963,-0.853437823,1,0.547148558
870,0,0.595592123,-0.709047318,0.358532871,0,0.400937145
871,0,0.984963059,-0.739579665,-0.089616719,1,0.415609155
872,1,0.528043456,-0.729930708,-0.086822186,1,0.676866026
873,1,0.523278418,-1.16353231,-1.440591833,0,0.098842437
874,0,0.786444805,-0.347441515,-0.03071642,1,0.491105067
875,0,0.087722409,0.090373159,0.359958222,1,0.510801024
876,0,0.256111981,-0.106679819,-0.965127887,1,0.538920803
877,0,0.35660412,-1.024747873,-1.116776052,1,0.259547346
878,0,0.249055458,-1.671706645,-1.464883223,0,0.028540929
879,1,0.175018488,-0.483389708,-0.262604423,1,0.627599686
880,1,0.572922081,1.8286222,1.484926644,0,0.001586381
881,0,0.483393148,-1.052735735,-0.021561043,1,0.309306665
882,1,0.809948969,-1.12048363,-0.10415796,1,0.707013929
883,1,0.750515234,2.484362695,2.865742279,0,1.58E-09
884,1,0.347443798,-1.706553807,-2.058303042,0,0.003768067
885,0,0.806874484,0.393849903,-0.119692021,1,0.308011615
886,1,0.251764228,0.994952662,0.283236299,1,0.356963962
887,1,0.592963554,-0.281060786,-0.639597578,1,0.472698261
888,1,0.156215733,1.641855606,0.635016768,0,0.171029943
889,1,0.175159652,0.638384091,0.910905472,1,0.109005482
890,0,0.226377301,0.452070225,-0.34951147,0,0.166438603
891,0,0.791963252,-0.794586512,-1.450849151,1,0.301650284
892,0,0.38837648,0.124460475,0.497515969,1,0.490234277
893,0,0.911222033,-0.420150425,-0.196888039,0,0.31451276
894,0,0.121847051,-1.163820742,-0.540338617,1,0.163824474
895,0,0.987835157,0.008092187,0.282897186,1,0.47231796
896,0,0.755287921,0.575574347,0.538853543,1,0.191018043
897,1,0.310775834,-0.196653841,0.044373411,1,0.617879153
898,0,0.019865358,1.233124791,0.399512353,1,0.024571213
899,0,0.682283061,-2.445055804,-2.385013548,0,0.000135374
900,0,0.438736067,0.658472564,0.762016528,0,0.081207249
901,1,0.883700705,-0.76306166,-0.335267777,1,0.643912944
902,1,0.074243786,0.288321501,0.262847302,1,0.499407438
903,0,0.453669556,1.077518854,1.129972014,1,0.036086135
904,0,0.888036271,0.499898688,-0.231452165,0,0.111208236
905,0,0.700159242,-0.064764337,0.235818084,1,0.539527369
906,0,0.304615611,-2.007833802,-3.051378658,1,0.00291152
907,0,0.584890802,-1.226628349,-1.11474267,1,0.171893575
908,0,0.87045377,0.6087658,0.832257957,1,0.172935308
909,0,0.446523559,-1.752532544,-0.971068816,0,0.027561276
910,0,0.33737304,-0.36148202,0.145309654,1,0.534570982
911,1,0.566908609,0.01188588,0.57293136,0,0.160836572
912,1,0.415764982,0.151962887,-0.832920114,1,0.431944208
913,1,0.832660665,-1.257512729,-0.379884892,1,0.623252975
914,0,0.153707588,-1.286062929,-1.524559599,1,0.12658035
915,0,0.658649043,-0.470794391,0.979092966,1,0.424922034
916,0,0.001026819,-1.649924276,-2.018951983,0,0.04134385
917,0,0.320450929,-0.567027574,-1.212690301,1,0.565643943
918,1,0.950132881,-0.302719715,0.088108048,1,0.720021137
919,1,0.01255251,-0.925018731,-0.931646757,1,0.292524096
920,1,0.079090765,-0.501700682,0.188358346,1,0.505217062
921,0,0.213288371,0.957924009,0.696673057,0,0.027234246
922,1,0.994843259,0.275581636,-0.240767947,0,0.660660092
923,1,0.492039588,-0.076304776,0.340334381,1,0.478058096
924,0,0.627634118,1.606211399,1.469307366,1,0.000861201
925,1,0.005961335,-0.402504582,0.188413125,1,0.583247464
926,1,0.285853999,0.098492524,0.450592812,1,0.422724088
927,1,0.986480417,-1.845734077,-1.970392803,0,0.008485769
928,0,0.757692325,-0.018620767,0.077750757,0,0.304195665
929,1,0.068274991,-0.831899986,-0.629998601,1,0.521935455
930,0,0.810763979,-0.857088228,-1.497348206,0,0.304962513
931,1,0.122871407,1.122729512,0.805361242,1,0.143985499
932,1,0.409918361,-0.102147724,0.06071197,1,0.65336788
933,0,0.927543645,0.401867085,1.416494817,1,0.184132004
934,0,0.554208239,-1.094686507,-0.652831239,1,0.185936427
935,1,0.014266614,-2.444059763,-2.17666848,0,0.001404252
936,1,0.967365281,-0.097024047,0.410441639,0,0.334753073
937,1,0.770065533,0.781635968,1.032662636,1,0.078575212
938,0,0.079952413,2.62586463,2.268780547,0,1.08E-08
939,1,0.365419848,0.520311152,1.186234683,1,0.024800753
940,0,0.480426545,1.317447993,0.722342854,1,0.007589393
941,0,0.675760692,-0.325164207,-0.859250506,1,0.541040667
942,1,0.786447251,0.253639172,0.425090744,1,0.455520757
943,0,0.810058057,-0.920401343,0.006089433,1,0.25899119
944,0,0.078677504,0.562675598,0.249166039,1,0.373163101
945,0,0.168914441,-1.426211002,-0.850410487,0,0.075545886
946,0,0.036732794,-0.319439866,-0.418717196,1,0.598846054
947,1,0.240142309,-1.536861537,-1.2708617,1,0.156745491
948,1,0.912195182,0.437269676,-0.349223121,1,0.615755652
949,1,0.00136348,0.725982892,0.14433382,1,0.522714072
950,1,0.227300448,-0.462946594,0.573676756,1,0.345156768
951,0,0.168262932,-0.620983132,-0.607569025,1,0.429514289
952,0,0.149762515,-0.248138849,-0.210973833,1,0.673306531
953,1,0.648097161,-0.875607867,-2.284578423,1,0.000481248
954,1,0.485572549,-0.548257615,0.120126879,1,0.566000899
955,1,0.693244319,-1.671072088,-1.744302019,1,0.025949524
956,0,0.289669457,-0.139378283,0.109629025,1,0.472960062
957,1,0.97867166,1.585052702,1.783153212,1,0.000510764
958,0,0.288126329,0.570090227,0.784478032,0,0.113847392
959,0,0.525764521,1.534498685,1.314298865,0,0.000709083
960,0,0.07782227,0.784938069,1.81739379,1,0.16737416
961,0,0.678553835,-0.354530691,-0.280155878,1,0.410341891
962,0,0.181949717,0.395922547,0.303281241,1,0.384219902
963,0,0.529804455,-2.201944918,-1.313634543,1,0.000880502
964,1,0.801678829,0.96176237,0.757453447,0,0.104172763
965,0,0.313187196,-0.322887855,-1.060376575,1,0.53588458
966,0,0.691273412,1.47656187,0.332544313,0,0.001071917
967,0,0.773044523,-1.771792416,-1.827451074,1,0.005423032
968,1,0.261793633,1.265933938,0.94036984,1,0.091821473
969,1,0.678760153,-0.424636591,-0.542886098,1,0.60691685
970,1,0.992143296,1.350774338,1.391995937,0,0.002498259
971,1,0.55148752,-0.612037532,0.574836385,1,0.282693602
972,1,0.930684474,-0.790431089,-0.43692823,1,0.728181935
973,0,0.207404345,0.533263475,0.425179931,1,0.29757939
974,1,0.229959039,-0.404830887,0.292791055,1,0.580122716
975,0,0.483986589,-0.518107698,-0.686444325,1,0.575821088
976,0,0.461059394,-1.003380179,-0.717457213,1,0.278118829
977,0,0.782721357,1.999521573,2.636321812,1,5.99E-05
978,1,0.000605266,-0.887913766,-0.938769193,0,0.334540622
979,1,0.75062338,1.058644654,0.016904732,1,0.71831644
980,1,0.830732438,-0.068245625,-0.33841865,0,0.594356027
981,0,0.314671236,-1.489334582,-0.468548221,0,0.055863719
982,0,0.71203316,-1.278762736,-1.395323024,0,0.100395092
983,1,0.251711549,-1.743004991,-1.120430657,0,0.303132303
984,0,0.309347498,-1.473539619,-1.231041235,0,0.080161337
985,0,0.695954847,-1.458177338,-1.419889077,1,0.047800177
986,0,0.423095647,1.379041732,-0.059213695,1,0.0045023
987,1,0.852890213,-0.423908054,-0.031512036,1,0.653829839
988,0,0.534399917,2.08829336,1.757133882,0,4.00E-06
989,1,0.548177516,0.710518208,0.507540719,0,0.161304635
990,1,0.845543979,1.731336741,1.439034541,1,0.007562506
991,0,0.37702908,-0.012788413,0.979787031,0,0.394733343
992,0,0.166043679,1.140767251,0.485521788,0,0.006268689
993,1,0.189248029,1.186555101,-0.28778679,1,0.609510215
994,0,0.856867816,-0.536353025,-0.237015332,1,0.382444845
995,0,0.337503235,0.677640372,1.098798711,1,0.166401139
996,1,0.775028235,0.043398063,-0.058893397,0,0.638114178
997,1,0.069070202,1.057074598,0.931449086,1,0.090221667
998,0,0.240949266,-1.215020443,-0.322130998,1,0.201007517
999,0,0.242801838,1.558660081,0.373020703,1,0.002110746
1000,0,0.387112989,-0.004885242,-0.59520749,1,0.553414685